Chunk Size, Static, Static w/ input, Dynamic, Dynamic w/ input
1, 31.655244, 31.658409, 34.642836, 34.646176
10, 33.397825, 33.401245, 33.043062, 33.046056
100, 31.491427, 31.494778, 30.972386, 30.975620
1000, 30.477431, 30.480662, 30.231381, 30.234510
10000, 33.324312, 33.327397, 33.131888, 33.134828
100000, 55.838078, 55.841062, 56.301220, 56.304153
